,date,content,date_number
0,-2000,<ul><li> Hittites en Anatolie et installation des Amorrites en Syrie</li><li> les Achéens (premiers grecs) envahissent la péninsule fondent Mycène et Tirynthe</li><li> chine première dynastie royale Xia </li><li> Les araméens nomades s’installent au nord de la Syrie</li><li> des sémites primitifs nomades s’installent dans le pays de Canaan</li><li> les olmèques apparaissent dans le golfe du Mexique</li><li> première vague de migration celtique vers les iles brittaniques</li></ul>,-2000
1,-1750,<ul><li> Hégémonie ammorite en Mésopotamie</li></ul>,-1750
2,-1595,<ul><li> raid Hittite sur Babylone : fin de la première dynastie babylonienne</li></ul>,-1595
3,-1558,<ul><li> L’empire egyptien domine la région. 18eme dynastie - Capitale Thèbes ;</li><li> Premiers heurts avec les Hittites et les Mitanniens. </li></ul>,-1558
4,-1520,<ul><li> Chine des Shang</li></ul>,-1520
5,-1500,<ul><li> les Olmèques</li></ul>,-1500
6,-1450,<ul><li> Destruction de Cnossos capitale de la crète</li></ul>,-1450
7,-1372,<ul><li> Aménophis IV Tente de supprimer le culte d’Amon pour le remplacer par le culte d’Aton.</li><li> Il change son nom en Akhénaton (fondateur du monothéisme). </li></ul>,-1372
8,-1250,<ul><li> règne de Ramsès II.</li></ul>,-1250
9,-1224,<ul><li> Invasions lybiennes en Egypte</li></ul>,-1224
10,-1220,<ul><li> Les hébreux s’installent en Palestine et forcent les Cananéens à se retirer</li></ul>,-1220
11,-1200,"<ul><li> Les Achéens détruisent Troie selon l'histoire mythique Homere</li><li> Les Doriens détruisent les Achéens</li><li> civ. des Champs d’Urnes</li><li> âge de fer</li><li> civilisation de l’Hallstatt(Autriche) , Scythes ( danubiens ?), Cimmériens( nomades de Thrace), civilisation de la Tène(lac de Neuchatel Suisse) ; </li><li> chamanisme, techniques guerrières des steppes : cheval monté, archer à cheval(protomongols Xianbei). </li><li> Hégémonie Araméenne en Mésopotamie</li></ul>",-1200
12,-1000,"<ul><li> chaldéens à Sumer</li><li> 2° vague  de migration celtique vers les iles brittaniques</li><li> Invasion par les Celtes de la Gaule l’espagne,  l’Italie les Balkans l’Asie Mineure (Galatie) </li></ul>",-1000
13,-900,<ul><li> début de la période classique des mayas</li><li> Abandon progressif du bronze au profit du fer pour la fabrication d’armes et d’outils.</li></ul>,-900
14,-814,<ul><li> Les Phéniciens fondent Carthage</li></ul>,-814
15,-700,<ul><li> Les grecs fondent la colonie de Byzance.</li><li> Ecbatane capitale des Mèdes</li><li> Les Cimmériens envahissent la Mésopotamie.</li><li> Des fermiers fondent Pompeï</li></ul>,-700
16,-614,<ul><li> chute de Assour les assyriens sont affaiblis par les chaldéens et les Mèdes</li></ul>,-614
17,-612,<ul><li> chute de Ninive les Assyriens disparaissent sous les coups chaldéens et Mèdes</li></ul>,-612
18,-600,<ul><li> Chaldéens à Babylone </li><li> RuanRuan 2° dynastie de protomongols</li><li> formation de la civilisation maya</li></ul>,-600
19,-587,<ul><li>Nabuchodonosor II (chaldéens) prend Jérusalem royaume de Juda (tribus du sud)</li></ul>,-587
20,-550,<ul><li> Perses Cirus fonde l’empire Achéménide</li><li> Confucius</li></ul>,-550
21,-539,<ul><li>Fin de Babylone (et des chaldéens) prise par les perses</li></ul>,-539
22,-525,<ul><li> Siddharta Gautama reçoit l’illumination à Bodh-Gaya. </li><li> il devient Bouddha fondateur du Bouddhisme après le Sermon de Benares.</li></ul>,-525
23,-509,"<ul><li> début de la république romaine historique ,mythe de Rémus et Romulus</li></ul>",-509
24,-490,<ul><li> Les grecs forcent les Perses à se retirer en Asie Mineure</li><li> Lao tseu (Laozi) et le Taoisme</li></ul>,-490
25,-427,<ul><li> Naissance de Platon</li></ul>,-427
26,-408,<ul><li> Platon rencontre Socrate</li></ul>,-408
27,-400,<ul><li> les Achéménides unifient l’orient</li><li> Les Etrusques sont chassés de la plaine du Po par diverses tribus Celtes qui s’installent dans ce qui deviendra plus tard la Gaule Cisalpine</li></ul>,-400
28,-387,<ul><li> Les Celtes prennent Rome</li></ul>,-387
29,-348,<ul><li> premiere convention entre Rome et Carthage. </li></ul>,-348
30,-330,<ul><li> Perses mort de DariosIII début de l’empire Sassanide</li></ul>,-330
31,-323,<ul><li> Mort d’Alexandre le Grand</li></ul>,-323
32,-322,<ul><li> Restauration du temple de Jérusalem par les hébreux</li></ul>,-322
34,-280,"<ul><li> Arrivée de Pyrrhus, roi d’Epire, en Italie (a l’appel des Tarentins).</li></ul>",-280
38,-263,"<ul><li> Hieron, roi de Syracuse devient l’allié de Rome.</li></ul>",-263
39,-262 à -241,<ul><li> Premiere guerre punique. </li></ul>,-262
40,-247,<ul><li> Naissance d’Archimède à Syracuse</li></ul>,-247
41,-241,<ul><li> paix de Lutatius (fin de la premiere guerre punique). </li></ul>,-241
42,-235,<ul><li> triomphe de T. Manlius Torquatus sur les Sardes.  </li></ul>,-235
44,-230,<ul><li> Les Galates (Celtes) rançonnent le royaume de Lydie et la Phrygie</li></ul>,-230
47,-225 à -222,<ul><li> guerre contre les Gaulois.  </li></ul>,-225
48,-223,<ul><li> victoire du consul C. Flaminius sur les Gaulois (prise de Milan).</li></ul>,-223
49,-222,<ul><li>  victoire des consuls M. Claudius Marcellus et Cn. Cornelius Scipion sur les Insubres (prise de Clastidium) ; fondation des colonies de Cremone et de Plaisance. </li></ul>,-222
50,-221,"<ul><li> mort d’Hasdrubal, Hannibal lui succéde. </li></ul>",-221
51,-219,<ul><li> guerre contre Demetrios de Pharos ; triomphe des consuls M. Livius Salinator et Paul Emile.</li></ul>,-219
52,-219/218,"<ul><li> siege et prise de Sagonte; Hannibal passe le Rhone, franchit les Alpes (aout septembre)</li></ul>",-219
53,-217,<ul><li> (fin juin) bataille du lac Trasimene ; designation de Fabius (dictateur) et de Minucius (maitre de la cavalerie) </li></ul>,-217
54,-216,<ul><li> defaite de Cannes (aout) défection de Capoue et de la plupart des villes du sud de l’Italie ; capitulation de Casilinum (printemps) ; défaite d’Hasdrubal en Espagne (automne) </li></ul>,-216
55,-216/215,<ul><li> (hiver) ’ les delices de Capoue ’. </li></ul>,-216
56,-215,<ul><li> Philippe envoie des ambassadeurs a Hannibal ; siége de Cumes ; soumission de la Sardaigne ; résistance de Nole (automne) ; réddition de Locres et de Crotone ; succes des Scipions en Espagne. </li></ul>,-215
57,-214,<ul><li> assassinat de Hieronyme (printemps) ; massacre de la famille royale ; siege de Syracuse ; opérations en Sicile (Enna) ; M. Valerius Laevinus libére Oricum et Apollonie (fin de l’ete)</li></ul>,-214
61,-203,<ul><li> Hannibal quitte le sol de l’Italie.  </li></ul>,-203
62,-202,<ul><li> victoire de Zama et fin de la deuxieme guerre punique.</li></ul>,-202
63,-200,<ul><li> Autonomie de l’état en Galatie</li><li> Byzance tombe sous l’emprise romaine</li></ul>,-200
69,-149,<ul><li> Troisième guerre punique</li><li> mort de Caton. </li></ul>,-149
71,-146,<ul><li> destruction complète de Carthage</li></ul>,-146
72,-100,<ul><li> Celtes presque entièrement détruits par les romains seuls subsistèrent les royaumes d’Irlande</li><li> Une colonie de taille moyenne existait à Teotihuacan.</li></ul>,-100
73,-52,"<ul><li> Septembre : Défaite de Vercingétorix, chef des Avernes, à Alésia après un siège terrible </li></ul>",-52
74,-51,<ul><li> Pacification et romanisation de la Gaule</li><li> Cleopatre reine d’Egypte</li></ul>,-51
75,-44,"<ul><li> César reconstruisit Carthage qui redevient, sous Auguste, la cité la plus prospère d’Afrique ; elle rivalise bientôt avec Rome.</li><li> Assassinat de César </li></ul>",-44
76,-43,<ul><li> Fondation de Lyon (Lugdunum) sur la colline de la Fourvière</li></ul>,-43
78,-27,<ul><li> fin de la république Romaine début de l’empire Romain</li></ul>,-27
79,-25,<ul><li> Annexion romaine de la Galatie.</li><li> Les Celtes disparaissent les auteurs grecs parlent désormais de Gaulois</li></ul>,-25
80,0,<ul><li> naissance du Christ</li></ul>,0
81,14,<ul><li> Mort de l’empereur Auguste</li></ul>,14
82,26,"<ul><li> Ponce Pilate, préfet de Judée</li></ul>",26
83,27,<ul><li> Baptême de Jésus par saint Jean-Baptiste.</li></ul>,27
84,30,<ul><li> L’Egypte devient province Romaine à la mort de Cléopatre</li></ul>,30
85,33,<ul><li> Crucifixion de Jésus</li></ul>,33
86,37,"<ul><li> Caligula, empereur</li></ul>",37
87,65,<ul><li> Première mention d’une communauté bouddhique dans le Jiangsu en Chine</li></ul>,65
88,70,<ul><li> Destruction de Jérusalem par Titus</li></ul>,70
89,79,<ul><li> Le Vésuve détruit Pompéï</li></ul>,79
90,200-300,<ul><li> La paix romaine s’achève en Gaule avec l’arrivée des barbares venus du Nord : les Francs. Ils s'implantent au nord et à l'est de la Gaule et s'allient aux Romains pour défendre le territoire</li></ul>,200
91,233,"<ul><li> Les Alamans, peuple germanique, parviennent jusqu’à Strasbourg. Ils sont stoppés par les troupes romaines.</li></ul>",233
93,313,<ul><li> Édit de tolérance du christianisme dans l’Empire romain</li></ul>,313
94,352,<ul><li> Nouvelles invasions à l’Est</li></ul>,352
96,330,<ul><li> Fondation de Constantinople sur le site de Byzance</li></ul>,330
97,380,"<ul><li> Une nouvelle famille de barbares apparait sur les bords de la Volga, les Huns, dirigés par Attila . Sous la poussée des Huns, Goths, Alains, Burgondes, Lombards, Vandales, Wisigoths vont submerger les frontières de l’Empire et mettre fin à la domination romaine.</li></ul>",380
98,395,<ul><li> Partage de l’empire romain l’empire romain d’Orient est indépendant : il devient l’empire Byzantin</li></ul>,395
99,410,"<ul><li> Au début du Vème siècle, les Barbares, venus du nord, vont à nouveau déferler sur l’Europe et détruire, peu à peu, l’empire romain ; c’est la seconde grande migration qui verra le peuple Franc s’assimiler aux gallo-romains.</li><li> Burgondes Vandales Ostrogoths.</li><li> Rome mise à sac par les Wisigoths</li></ul>",410
100,412,<ul><li> Les Wisigoths s’installent en Aquitaine.</li></ul>,412
101,429,<ul><li> les Vandales envahissent l’afrique du nord</li></ul>,429
102,425,<ul><li> Aetius devient maître de la cavalerie gauloise. </li></ul>,425
103,440,<ul><li> Carthage pillée par les Vandales</li></ul>,440
104,443,<ul><li> Les Burgondes s’installent en Savoie</li></ul>,443
105,451,"<ul><li> Attila roi des Huns définitivement battu par les Romains et Barbares (Francs, Burgondes, Wisigoths), alliés, à la bataille des Champs Catalauniques (près de l’actuelle Troyes)</li></ul>",451
106,476,"<ul><li> En septembre 476, l’empereur Romulus Augustule est déposé par le roi Odoacre, roi des Hérules qui se proclame roi d’Italie : cet événement marque la fin de l’Empire Romain d’Occident, et donc le début du Moyen Age. </li></ul>",476
107,481,<ul><li> Clovis est proclamé roi des Francs ; il a 15 ans !</li></ul>,481
108,486,"<ul><li> Victoire de Clovis à Soissons contre Syagrius, dernier rempart de l’autorité romaine</li></ul>",486
109,493,"<ul><li> Clovis épouse Clotilde, une princesse Burgonde convertie au christianisme.</li><li> Théodoric le Grand, roi des Ostrogoths.</li></ul>",493
110,498,<ul><li> Baptème de Clovis</li></ul>,498
111,500,<ul><li> Pétra : fin de la civilisation Nabatéenne</li><li>Bataille du mont Badon</li></ul>,500
113,511,"<ul><li> le royaume de Clovis est partagé entre ses quatre fils : Thierry règne à Metz, Clodomir à Orléans, Childebert à Paris et Clotaire à Soissons.</li></ul>",511
114,513-539,"<ul><li> le Royaume Franc est réunifié, sous Clotaire II et son fils Dagobert 1er. Apogée de la Civilisation mérovingienne. </li><li> A la mort la mort de Dagobert, le Royaume fut à nouveau partagé </li></ul>",513
115,533,<ul><li> vandales chassées d’Afrique du Nord par les byzantins</li></ul>,533
116,570,<ul><li> naissance de Mahomet à La Mecque</li></ul>,570
117,610,<ul><li> Mahomet a une vision : L’archange Gabriel l’investit de sa mission</li><li> Naissance de l’Islam</li></ul>,610
118,622,<ul><li> L’Hégire</li></ul>,622
119,632,<ul><li> Mort de Mahomet à Medine</li></ul>,632
120,636-646,"<ul><li> l’empire byzantin, la Syrie et l’Egypte sont pris par les arabes</li></ul>",636
121,651,<ul><li> Fin des perses avec la conquête arabe</li></ul>,651
122,732,"<ul><li>Les ministres (maires du palais) s’imposèrent au gouvernement et évincèrent le pouvoir royal qui ne devint plus que théorique </li><li> Le maire du palais Pépin d’Héristal impose son autorité. </li><li>Son fils, Charles Martel, se rend indispensable en mettant fin, à Poitiers, en 732, aux ""razzias"" des arabes</li></ul>",732
123,751,<ul><li> Pépin convoque à Soissons l’assemblée des Francs et se fait élire roi.</li></ul>,751
124,755-756,"<ul><li> Pépin part en expédition en Italie contre les Lombards, les ennemis du pape, et leur prend 22 villes.</li></ul>",755
125,768,<ul><li>Couronnement de Charlemagne</li></ul>,768
126,778,"<ul><li> Expédition en Espagne contre les Sarrasins. Au retour, l’arrière-garde est attaquée à Roncevaux. (Chanson de Roland)</li></ul>",778
127,785,<ul><li> La Saxe est soumise et rattachée au royaume franc.</li></ul>,785
128,800,"<ul><li> Charlemagne agrandit le Royaume en conquérant et christianisant, au Nord, à l’Est et au Sud-Est. Le pape le proclame Empereur d’Occident</li></ul>",800
129,813,"<ul><li> Charlemagne nomme son fils, Louis, empereur.</li></ul>",813
130,814,<ul><li> Mort de Charlemagne à Aix-la-Chapelle. Son fils Louis le Pieux lui succède.</li></ul>,814
132,829,"<ul><li> Assemblée de Worms qui donne à Lothaire l’Italie et à Charles l’Alsace, l’Alamanie et une partie de la Bourgogne.</li></ul>",829
133,843,<ul><li>TRAITES DE VERDUN : Les petits-fils de Charlemagne partagent l’Empire en 3 parties</li></ul>,843
135,869,<ul><li> Charles le Chauve devient roi de Lotharingie </li></ul>,869
137,877,<ul><li>Mort de Charles le Chauve. Début de la décadence carolingienne.</li></ul>,877
143,900,<ul><li> Fin énigmatique des Mayas sauf dans les basses terres du Nord</li><li> Débuts de l’art Roman (X° siècle) </li><li>  les Kitan 3° dynastie de protomongols </li></ul>,900
144,911,<ul><li> Charles III signe avec les normands l’accord de Saint-Clair-sur-Epte qui crée le duché de Normandie et met fin aux invasions. Rollon duc de Normandie</li></ul>,911
150,987,<ul><li>Hugues Capet se fait élire roi à l’assemblée de Senlis.</li></ul>,987
158,1054,<ul><li>Schisme d’orient</li></ul>,1054
160,1066,"<ul><li> En octobre : Bataille d’Hastings et victoire des troupes de Guillaume, duc de Normandie, sur celle d’Harold, beau-frère d’Édouard, qui avait pris la couronne.</li></ul>",1066
161,1071,<ul><li> Invasions turques en Asie Mineure</li></ul>,1071
162,1078,<ul><li> Prise de Jérusalem par les Turcs ce qui provoque une grande émotion en Occident.</li></ul>,1078
165,1095,<ul><li> appel d’Urbain II à Clermont : première croisade</li></ul>,1095
166,1099,<ul><li> Conquête de Jérusalem par les Croisés.</li></ul>,1099
173,1129,<ul><li> Création de l’ordre militaire du Temple</li></ul>,1129
174,1132,<ul><li> Début de la construction de la basilique Saint-Denis.</li></ul>,1132
183,1149,<ul><li> échec de la deuxième croisade</li></ul>,1149
185,1152,<ul><li> Annulation du mariage de Louis VII et d’Aliénor d’Aquitaine. </li><li> Aliénor se remarie Henri Plantagenêt.</li></ul>,1152
186,1154,<ul><li> Henri Plantagenêt devient roi d’Angleterre sous le nom de Henri II.</li></ul>,1154
187,1163,<ul><li> Début de la construction de Notre-dame de Paris. </li></ul>,1163
188,1169,<ul><li> Saladin unifie le monde musulman (Syrie-Egypte)</li></ul>,1169
191,1180,<ul><li> Avènement de Philippe II Auguste (1180-1223)</li></ul>,1180
192,1187,<ul><li> Bataille des fourches  Hattin</li><li> prise de Jérusalem par Saladin</li></ul>,1187
193,1189,"<ul><li> Richard Cœur de Lion devient roi d’Angleterre.</li><li> Début de la troisième croisade (expédition de Frédérique Barberousse, Philippe Auguste et Richard Cœur de Lion).</li></ul>",1189
198,1202,<ul><li> Quatrième croisade</li><li> Philippe Auguste confisque les fiefs français du roi d’Angleterre Jean sans Terre. </li></ul>,1202
199,1204,<ul><li> Prise de Château-gaillard puis de Rouen par les français aux Anglais.</li><li> Seconde prise et pillage de Constantinople par les croisés.</li></ul>,1204
200,1209,<ul><li> croisade contre les Albigeois (hérétiques cathares) dans le Languedoc </li><li> cinquième croisade</li><li> Jean sans Terre est mis au ban de la chrétienté par le pape Innocent III.</li></ul>,1209
201,1214,<ul><li> Victoire de Philippe Auguste à Bouvines</li></ul>,1214
204,1226,"<ul><li> Mort de Louis VIII. Son fils Louis IX le Saint (1226-1270) étant trop jeune, la reine, Blanche de Castille, devient régente.</li></ul>",1226
205,1228,<ul><li> Sixième croisade (1228-1229) : récupération de Jérusalem</li></ul>,1228
206,1231,<ul><li> Grégoire III crée l’Inquisition</li><li> L’Inquisition est confiée aux ordres mendiants (dominicains et franciscains)</li></ul>,1231
208,1244,<ul><li> Perte définitive de Jérusalem par les latins</li></ul>,1244
209,1245,<ul><li> Début de la construction de la Sainte-Chapelle. (terminée en 1248)</li></ul>,1245
214,1252,<ul><li> Le pape autorise les inquisiteurs à utiliser la torture</li></ul>,1252
217,1258,<ul><li> Prise de Bagdad par les Mongols ; fin du khalifat abbasside</li></ul>,1258
218,1260,<ul><li> Les Mongols rejetés de Syrie par les Mamelouks</li></ul>,1260
219,1261,<ul><li> reconquête de Constantinople par les byzantins</li></ul>,1261
221,1270,<ul><li> Départ de Saint-Louis pour la VIIIe et dernière croisade. </li><li> Mort de Saint-Louis à Tunis.</li></ul>,1270
226,1285,<ul><li> Avènement de Philippe IV le Bel(1285-1314).</li></ul>,1285
227,1291,<ul><li> Chute d’Acre : disparition des Etats latins de Terre sainte</li></ul>,1291
229,1298,<ul><li> Marco Polo est de retour à Venise</li></ul>,1298
230,1303,"<ul><li> Le 7 septembre, attentat d’Agnani : Philippe le Bel fait arrêter le pape Boniface VIII à Agnani</li><li> Le 11 octobre, mort du pape Boniface à Rome. Élection du pape Benoît XI.</li></ul>",1303
231,1307,<ul><li> Vendredi 13 Octobre : Arrestation des templiers dans le royaume de France </li></ul>,1307
232,1309,<ul><li> La papauté (Clément V) quitte Rome pour Avignon du fait de l’instabilité en Italie</li></ul>,1309
233,1310,<ul><li> Procès des templiers. </li><li> Cinquante quatre templiers brûlés vifs. </li></ul>,1310
235,1314,<ul><li> Procès et exécution des dignitaires templiers</li><li> 4 novembre : Mort de Philippe le Bel</li></ul>,1314
238,1317,"<ul><li> Une assemblée, réunie à Paris par Philippe V, décide que ""femme, ne peut succéder au royaume de France"".</li></ul>",1317
243,1328,"<ul><li> Mort de Charles IV, dernier roi de la branche directe des capétiens.</li></ul>",1328
244,1328,"<ul><li> La lignée capétienne directe s’éteint, les 3 fils de Philippe le Bel étant mort successivement, la France se choisit pour roi Philippe VI (1328-1350) Comte de Valois plutôt qu’Edouard III ,roi d’Angleterre et neveu du roi défunt.</li></ul>",1328
247,1337,<ul><li> Édouard III d’Angleterre (petit-fils de Philippe le Bel) s’attribue le titre de roi de France. </li></ul>,1337
251,1346,"<ul><li> Le 26 août, bataille de Crécy (Picardie) et défaite mémorable des Français face aux Anglais. </li></ul>",1346
253,1348,"<ul><li> Apparue à Marseille, la peste noire se propage dans toute l’Europe (elle prend fin en 1351 après avoir décimée plus du tiers de la population européenne).</li></ul>",1348
258,1356,"<ul><li> Le 19 septembre, les Français sont écrasés à Poitiers par les Anglais. Le roi de France, Jean le Bon, est capturé. A la fin de l’année la misère est générale en France.</li></ul>",1356
260,1358,"<ul><li> Le 22 février, Etienne Marcel, prévôt des marchands, envahit le palais royal. Il sera assassiné 6 mois plus tard</li><li> Le 14 mars, le dauphin Charles prend le titre de régent du royaume.</li></ul>",1358
261,1360,"<ul><li> Le 8 mai, paix de Brétigny conclue avec les Anglais.</li><li> Le 24 octobre, traité de Calais où le roi de France renonce à de nombreuses possessions.</li></ul>",1360
263,1363,<ul><li> Les trois états se réunissent à Amiens et refusent de ratifier le traité de Calais. </li></ul>,1363
264,1364,"<ul><li> Le 8 avril, mort de Jean le Bon à Londres. Avènement de son fils Charles V le Sage (1364-1380).</li></ul>",1364
268,1369,"<ul><li>Henri de Trastamare, soutenu par les Français, devient roi de Castille. En juin, Édouard III d’Angleterre reprend le titre de roi de France. Charles V lui confisque l’Aquitaine.</li></ul>",1369
269,1370,<ul><li> Du Guesclin est nommé connétable par le roi Charles V.</li></ul>,1370
272,1377,<ul><li> La papauté (Grégoire XI) revient à Rome</li></ul>,1377
273,1378,<ul><li> L’Eglise d’Occident se divise : deux papes sont élus en même temps (le grand schisme)</li></ul>,1378
274,1380,<ul><li> Mort de Charles V. Avènement de son fils Charles VI le Fou (1380-1422) qui a 12 ans.</li></ul>,1380
278,1388,"<ul><li> En août, une nouvelle trêve est conclue avec l’Angleterre.</li></ul>",1388
279,1392,<ul><li> Premiers signes de démence du roi. Ses oncles reviennent au pouvoir.</li></ul>,1392
286,1411,<ul><li> Une guerre civile éclate entre Bourguignons et Amargnacs. </li></ul>,1411
288,1415,"<ul><li> Henri V, roi d’Angleterre, réunit une puissante armée et débarque en France.</li><li> Le 25 octobre, bataille d’Azincourt où soldats et chevaliers français sont taillés en pièces par les Anglais.</li></ul>",1415
290,1418,"<ul><li> En mai, les Bourguignons s’emparent de Paris.</li><li>En octobre, le dauphin Charles devient régent de France. </li></ul>",1418
292,1420,"<ul><li> En mai, Traité de Troyes conclu avec les Anglais. Henri V obtiendra la couronne de France à la mort de Charles VI. Il épouse Catherine de France, la fille de Charles VI et d’Isabeau de Bavière</li></ul>",1420
296,1428,"<ul><li> En octobre, les Anglais assiègent Orléans.</li></ul>",1428
297,1429,"<ul><li> Le 29 avril, Jeanne d’Arc et des soldats pénètrent dans Orléans.</li><li> Le 8 mai, les Anglais lèvent le siège.</li><li> Le 17 juillet, Charles VII (1428 - 1461) est sacré à Reims.</li></ul>",1429
298,1430,"<ul><li> Jeanne d’Arc est capturée par les Bourguignons à Compiègne. Elle sera livrée aux Anglais en novembre, pour la somme de 10.000 écus.</li></ul>",1430
299,1431,"<ul><li> Le 30 mai, Jeanne d’Arc est brûlée vive sur la place du marché de Rouen.</li><li> Le 16 décembre, Henri VI, roi d’Angleterre, se fait sacrer roi de France à Notre-dame de Paris.</li></ul>",1431
301,1436,"<ul><li> En avril, les forces royales reprennent Paris.</li></ul>",1436
304,1440,<ul><li> Gutenberg invente l’imprimerie à caractères mobiles.</li></ul>,1440
309,1453,"<ul><li> En mai, les Turcs s’emparent de Constantinople.</li></ul>",1453
321,1475,"<ul><li> Le roi d’Angleterre Édouard IV débarque à Calais. Après une entrevue entre les deux rois à Picquigny, Louis XI achète le départ des Anglais. </li></ul>",1475
323,1477,<ul><li> Lla Bourgogne est rattachée au domaine royal.</li></ul>,1477
330,1491,<ul><li>Charles VIII épouse Anne de Bretagne.</li></ul>,1491
331,1492,<ul><li> Christophe Colomb redécouvre l’Amérique.</li><li> Fin de la Reconquista espagnole (Prise de Grenade aux musulmans).</li></ul>,1492
333,1494,<ul><li> Charles VIII part en expédition en Italie.</li></ul>,1494
335,1497,<ul><li> Vasco de Gama ouvre la route des Indes</li></ul>,1497
336,1498,"<ul>li> Mort accidentelle de Charles VIII</li><li> n’ayant pas d’héritiers directs, le trône revient au duc d’Orléans Louis XII (1498-1515) qui descend de Charles V.</li></ul>",1498
338,1500,<ul><li> disparition complète des mayas des basses terres du Nord envahis par les Toltèques venus de l’ouest</li></ul>,1500
342,1504,<ul><li> Léonard de Vinci peint la Joconde. Le David de Michel-Ange est mis en place sur la place de la Seigneurie de Florence</li></ul>,1504
351,1515,<ul><li> 25 Janvier : François de Valois-Angoulême est sacré à Reims roi de France sous le nom de François Ier.</li><li> 13 septembre : Bataille de Marignan contre les Suisses pendant deux jours.</li></ul>,1515
353,1517,"<ul><li> 11 mars : Traité de Cambrai entre François Ier, Charles Ier d’Espagne et Maximilien d’Autriche.</li><li> Printemps : début de la visite du royaume par François Ier.</li><li> 31 octobre : Le frère Martin Luther affiche ses 95 thèses de réforme sur les murs de l’église de Wittenberg (Allemagne).</li></ul>",1517
355,1519,"<ul><li> Charles Quint, roi d’Espagne, devient empereur germanique</li></ul>",1519
356,1520,<ul><li> Luther est excommunié par Léon X</li></ul>,1520
357,1521,<ul><li> 27 janvier : Diète de Worms où Charles Quint y convoque Luther pour ses doctrines.</li><li> Avril : La Sorbonne condamne les thèses de Luther.</li></ul>,1521
361,1525,<ul><li> 24 février : Défaite de Pavie et capture de François Ier par les Espagnols.</li></ul>,1525
362,1526,<ul><li> 17 mars : Après sa libération (en échange de ses deux fils) François Ier arrive en France. </li></ul>,1526
365,1529,<ul><li> Charles Quint renonce à la Bourgogne et doit libérer les deux fils de François Ier contre une rançon de 2 millions d’écus d’or ainsi que la Flandre et l’Artois.</li></ul>,1529
366,1530,"<ul><li> Février : Charles Quint se fait sacrer roi d’Italie et empereur à Rome par le pape. </li><li> Mars : Création du Collège royal (Collège de France). Il comprend 5 chaires : deux de grec, deux d’hébreu et une de mathématiques.</li></ul>",1530
367,1531,<ul><li> Pizzaro conquiert l’empire inca dans un bain de sang.</li></ul>,1531
369,1533,"<ul><li> Octobre : Le prince Henri épouse Catherine de Médicis, nièce du pape Clément VII. </li></ul>",1533
370,1534,"<ul><li> Mai : Jacques Cartier découvre le Canada.</li><li> Juillet : Le pape excommunie Henri VIII </li><li> En Angleterre, l’Acte de Suprématie rompt tout lien avec Rome et crée l’anglicanisme. </li></ul>",1534
371,1535,<ul><li> Juillet : Édit d’amnistie de Coucy en faveur des protestants qui renoncent à la Réforme. </li></ul>,1535
372,1536,"<ul><li> Mars : Jean Calvin, qui a quitté la France pour fuir la répression contre les protestants, publie à Bâle son livre ""Institution de la religion chrétienne"". </li></ul>",1536
374,1538,"<ul><li> Février : Le pape, l’empereur et Venise se liguent contre le sultan turc, Soliman le ""Magnifique"".</li></ul>",1538
375,1539,<ul><li> Juin : Édit qui déclare l’hérésie hors la loi.</li><li> Août : Ordonnance de Villers-Cotterêts qui impose le français et instaure les registres d’état civil. </li></ul>,1539
378,1542,<ul><li> Etablissement à Rome de l’Inquisition</li><li> héliocentrisme de Copernic</li></ul>,1542
379,1543,<ul><li> Septembre : Prise de Nice par les turcs alliés des Français et commandés par Barberousse.</li></ul>,1543
381,1545,<ul><li> Décembre : Ouverture du concile de Trente.</li></ul>,1545
384,1548,"<ul><li> Août : Marie Stuart (fille du roi défunt Jacques V d’Écosse), âgée de six ans, est envoyée en France par sa mère pour y être élevée près de son futur époux François, fils aîné d’Henri II.</li></ul>",1548
390,1555,"<ul><li>Octobre : Charles Quint, vieux et malade, abdique en faveur de son fils Philippe II et se retire au monastère de Yuste (Espagne).</li></ul>",1555
392,1557,<ul><li> Octobre : François de Guise est nommé lieutenant général du royaume.</li></ul>,1557
394,1559,"<ul><li>  Mort d’Henri II des suites de ses blessures reçues lors d'un tournoi. </li><li> Son fils aîné, François, lui succède mais il a 15 ans et est malade. Les Guise (princes lorrains et oncles de la reine Marie Stuart) prennent le contrôle du pouvoir. </li></ul>",1559
396,1560,"<ul><li>5 décembre : Mort de François II à Amboise. Son frère Charles lui succède (il a 10 ans).</li><li> Catherine de Médicis, sa mère, prend la régence.</li></ul>",1560
399,1563,"<ul><li> 18 février : François de Guise, qui prépare la prise d’Orléans, est mortellement blessé par balles par Poltrot de Méré, un protestant. </li><li> 19 mars : Édit d’Amboise. La liberté de conscience est proclamée.</li></ul>",1563
401,1565,"<ul><li> Octobre : Dans le nouveau monde, les espagnols massacrent les français installés dans le nord de la Floride.</li></ul>",1565
404,1568,<ul><li> 28 septembre : Catherine de Médicis lance un édit qui interdit le culte protestant en France. </li></ul>,1568
406,1570,<ul><li> 8 août : Paix de Saint-Germain-en-Laye. Le culte protestant est autorisé sauf à Paris.</li><li> 26 novembre : Charles IX épouse Élisabeth d’Autriche. </li></ul>,1570
407,1571,<ul><li> Octobre : Bataille navale de Lépante. Victoire espagnole sur les Turcs.</li></ul>,1571
408,1572,"<ul><li> 18 août : Mariage à Notre-dame de Henri de Navarre (futur Henri IV) et de Marguerite de Valois (sœur de Charles IX).</li><li> 24 août : Massacres de la Saint-Barthélemy. Ceux-ci débutent par l’assassinat de Coligny dans son hôtel puis au Louvre des seigneurs protestants venus au mariage d’Henri de Navarre. Ensuite la population parisienne, déchaînée, tua tous les suspects de protestantisme.</li></ul>",1572
409,1573,"<ul><li> Février : Début du siège de La Rochelle tenue par les protestants.</li><li> 9 mai : Le duc d’Anjou (futur Henri III) est élu roi de Pologne.</li><li> 6 juillet : Édit de Boulogne qui met fin au siège de La Rochelle. La liberté de conscience est proclamée et les huguenots acquièrent trois villes (La Rochelle, Nîmes et Montauban).</li></ul>",1573
411,1575,<ul><li> 13 février : Sacre d’Henri III à Reims.</li><li> Juillet : début de nouvelles guerres religieuses.</li></ul>,1575
412,1576,"<ul><li> 3 février : Henri de Navarre s’enfuit du Louvre, regagne la Navarre et reprend sa foi protestante.</li></ul>",1576
418,1582,<ul><li> 9 décembre : Le calendrier grégorien est adopté. </li></ul>,1582
420,1584,"<ul><li> Henri III, n’ayant plus d’héritier, reconnaît comme successeur son cousin Henri de Navarre. </li></ul>",1584
421,1585,"<ul><li> 16 janvier : Henri de Guise, dit ""le Balafré"", reconstitue la Sainte Ligue. </li><li> 7 juillet : Traité de Nemours entre Henri III et les Guise. Le calvinisme est interdit en France et Henri de Navarre est déclaré inapte à la succession.</li><li> 9 septembre : Le pape Sixte Quint excommunie Henri de Navarre. </li></ul>",1585
423,1587,"<ul><li> 18 février : Après avoir été condamnée à mort par le parlement anglais, Marie Stuart (veuve de François II) est décapitée. </li></ul>",1587
424,1588,<ul><li> Août : L’Invincible Armada espagnole est détruite par la flotte anglaise au large de Calais.</li><li> 16 octobre : Débuts des états généraux à Blois.</li><li> 23 décembre : Le duc Henri de Guise est assassiné dans le château de Blois sur ordre d’Henri III.</li><li> Paris se déchaîne et la déchéance du roi est proclamée. </li></ul>,1588
425,1589,<ul><li> 1er août : Henri III est poignardé par le moine Jacques Clément. Le roi fait appeler Henri de Navarre à son chevet et le reconnaît comme successeur tout en lui demandant de revenir au catholicisme.</li><li> 2 août : Henri de Navarre devient roi sous le nom d’Henri IV (1589-1610).</li></ul>,1589
430,1593,<ul><li> 16 mai : Henri IV annonce qu’il va se faire catholique.</li><li> 25 juillet : Abjuration d’Henri IV à Saint-Denis. Cet acte va réconcilier le roi avec les parisiens.</li></ul>,1593
431,1594,<ul><li> 22 mars : Entrée de Henri IV à Paris. La population acclame le roi.</li></ul>,1594
432,1595,"<ul><li> 8 janvier : Les Jésuites sont expulsés de Paris.</li><li> 17 janvier : Henri IV déclare la guerre à Philippe II, roi d’Espagne et fils de Charles Quint.</li><li> 17 septembre : Le pape lève la sentence d’excommunication de Henri IV.</li></ul>",1595
435,1598,<ul><li> Edit de Nantes rendu par Henri IV (liberté de culte pour les protestants)</li></ul>,1598
440,1603,"<ul><li> 24 mars : Mort d’Élisabeth d’Angleterre. Jacques Ier, fils de Marie Stuart, lui succède. </li><li> Septembre : Les jésuites sont autorisés à revenir en France. </li></ul>",1603
445,1608,"<ul><li> 3 juillet : Samuel Champlain fonde, avec l’appui du roi de France, la ville de Québec.</li></ul>",1608
447,1610,"<ul><li>14 mai : Henri IV, qui se rend à l’Arsenal, est assassiné rue de la Ferronnerie par François Ravaillac.</li></ul>",1610
448,1610,<ul><li> 17 octobre : Sacre de Louis XIII (1610-1643) à Reims</li></ul>,1610
459,1622,<ul><li> 5 septembre : Richelieu est nommé cardinal.</li><li> 19 octobre : Traité de Montpellier avec les protestants. Confirmation de l’Édit de Nantes (les protestants conservent La Rochelle et Montauban)</li></ul>,1622
463,1626,<ul><li> 5 février : Une nouvelle paix est signée à Paris avec les protestants qui sont amnistiés mais qui doivent démolir leurs forts.</li></ul>,1626
464,1627,<ul><li> Novembre : Début du siège de La Rochelle tenue par les protestants. Richelieu bloque la ville sur terre comme sur mer en faisant construire des murailles et une immense digue.</li></ul>,1627
465,1628,<ul><li> 28 octobre : La Rochelle capitule.</li></ul>,1628
466,1629,"<ul><li> Paix d’Alais signée par Richelieu (grace pour les protestants)</li><li> 21 novembre : Richelieu est nommé ""Principal ministre d’état"". </li></ul>",1629
468,1631,"<ul><li> Mai : Premiers numéros de la Gazette de Théophraste Renaudot (1586-1653).  Journal hebdomadaire, la Gazette paraissait le samedi et donnait des nouvelles des grandes villes d’Europe.</li></ul>",1631
470,1633,<ul><li> Galillée condamné par l’inquisition</li><li> Fondation des Filles de la Charité par Vincent de Paul.</li></ul>,1633
471,1634,<ul><li> Premiers débarquements français au Sénégal.</li></ul>,1634
472,1635,<ul><li> 25 janvier : Fondation de l’Académie française. </li></ul>,1635
473,1636,<ul><li> Première représentation du Cid de Pierre Corneille (1606-1684). </li></ul>,1636
474,1637,"<ul><li> Discours de la méthode, de Descartes. </li></ul>",1637
478,1641,<ul><li> 30 décembre : Mazarin reçoit le chapeau de cardinal.</li></ul>,1641
479,1642,<ul><li> Blaise Pascal invente une machine à calculer.</li><li> 4 décembre : Mort de Richelieu à Paris. Louis XIII appelle Mazarin au conseil. </li></ul>,1642
480,1643,<ul><li> 14 mai : Mort de Louis XIII.</li></ul>,1643
481,1643,"<ul><li> 18 mai La régente, Anne d’Autriche, reçoit l’autorité suprême jusqu’à la majorité de son fils, Louis XIV (1643-1715).</li></ul>",1643
486,1648,"<ul><li> 27 août : Journée des Barricades.</li>Début de la Fronde.</li><li> 24 octobre : Signature des traités de Westphalie. La France reçoit les Trois-Évêchés (Metz, Toul et Verdun), l’Alsace (sauf quelques villes comme Strasbourg) et Pignerol (Italie).</li></ul>",1648
487,1649,<ul><li> 8 février : Combat de Charenton et victoire de Condé sur les frondeurs.</li><li> 9 février : Exécution de Charles Ier d’Angleterre. </li><li> 11 mars : Paix de Rueil où la reine promit une amnistie générale.</li></ul>,1649
488,1650,"<ul><li> 18 janvier : Arrestation de Condé, Longueville et Conti sur ordre du roi.</li><li> Février-avril : Campagne royale en Normandie et en Bourgogne contre les frondeurs.</li></ul>",1650
489,1651,<ul><li> 7 septembre : Majorité du roi.</li><li> 6 novembre : Traité entre Condé et les Espagnols qui lui promettent armes et troupes.</li></ul>,1651
490,1652,<ul><li> 21 octobre : Retour du roi à Paris. Fin de la Fronde. Une amnistie est proclamée.</li></ul>,1652
492,1654,<ul><li> 7 juin : Sacre de Louis XIV à Reims.</li></ul>,1654
493,1655,<ul><li> 3 novembre : La France conclût une entente commerciale avec l’Angleterre.</li></ul>,1655
494,1656,<ul><li> Sanson établit une carte de la Nouvelle-France (Canada).</li></ul>,1656
496,1658,<ul><li> 3 septembre : Mort d’Oliver Cromwell à Londres.</li></ul>,1658
497,1659,"<ul><li> Les Précieuses ridicules de Molière (1622-73).</li><li> 7 novembre : Traité des Pyrénées. La France reçoit le Roussillon, la Cerdagne, l’Artois, le duché de Bar ainsi que quelques places. L’Espagne récupère les possessions perdues aux Pays-Bas.</li></ul>",1659
499,1661,<ul><li> 9 mars : Mort de Mazarin à Vincennes.</li></ul>,1661
500,1661,"<ul><li> 17 août : A la demande du roi, le surintendant Nicolas Fouquet offre une fête somptueuse dans son château de Vaux-le-Vicomte près de Melun.</li><li> 5 septembre : Fouquet est arrêté à Nantes par les mousquetaires sur ordre du roi. Il est remplacé dans sa charge par Jean-Baptiste Colbert(1619-83).</li></ul>",1661
504,1665,<ul><li> Colbert devient contrôleur général des Finances.</li><li> La troupe de Molière devient la « Troupe du Roy ».</li></ul>,1665
505,1666,<ul><li> Début des persécutions contre les protestants.</li><li> 20 janvier : Mort de la reine Anne d’Autriche (mère de Louis XIV). - Début d’une guerre navale entre l’Angleterre et la France associée aux Provinces-Unies.</li><li> 11 février : Fondation de l’Académie de France à Rome (dirigée par Le Brun).</li></ul>,1666
506,1667,<ul><li> Première représentation d’Andromaque de Jean Racine (1639-1699).</li><li> Mars : Alliance franco-portugaise.</li><li> Juillet : Traité de paix de Bréda entre la Hollande et l’Angleterre.</li></ul>,1667
507,1668,"<ul><li> Premier recueil des Fables de Jean de La Fontaine (1621-95). </li><li> 2 mai : Paix d’Aix-la-Chapelle. L’Espagne récupère la Franche-Comté et la France obtient des villes des Pays-Bas (Courtrai, Tournai, Armentières, Charleroi, Douai, Lille, etc...)</li></ul>",1668
511,1672,<ul><li> 6 avril : Début de la guerre de Hollande.</li><li> 12 juin : L’armée de Condé franchit le Rhin au gué de Tolhuis. </li><li> 20 juin : Les Hollandais ouvrent les écluses de Muyden pour sauver Amsterdam.</li></ul>,1672
512,1673,<ul><li> Mars : Ordonnance du commerce de Colbert qui encourage les nobles à investir dans le commerce maritime.</li></ul>,1673
517,1678,<ul><li> La princesse de Clèves de Mme de La Fayette (1634-1693).</li></ul>,1678
519,1680,<ul><li> Dragonnades anti-protestantes en Poitou et en Guyenne.</li><li> 21 octobre : Fondation de la Comédie-Française.</li></ul>,1680
521,1682,"<ul><li> Cavelier de La Salle descend le Mississippi. Il nomme cette région, au nom du roi de France, la Louisiane.</li><li> 19 mars : Déclaration des Quatre Articles qui revendiquent ""les libertés de l’Église gallicane"" et affirme l’indépendance du roi à l’égard de tout pouvoir ecclésiastique.</li><li> 6 mai : Installation du roi et de la Cour à Versailles.</li></ul>",1682
522,1683,<ul><li> Juillet : Les Turcs mettent le siège devant Vienne en Autriche.</li><li> 26 octobre : l’Espagne entre en guerre contre les Français en Flandre et au Luxembourg.</li></ul>,1683
523,1684,<ul><li> 15 août : Trêve de Ratisbonne où l’Espagne et l’Empire reconnaissent les conquêtes françaises.</li></ul>,1684
524,1685,"<ul><li> Révocation de l’édit de Nantes par Louis XIV : démolition des temples protestants, interdition des assemblées et répression policière ( dragonnades). 200000 à 300000 protestants émmigrent essentiellement en suisse et en Allemagne.</li><li> début de la période du ""Désert"" (1685-1787) la clandestinité pour le culte des protestants et la résistance des camisards dans les Cévennes.</li><li> Mars : L’Ordonnance coloniale ou ""Code noir"" réglemente la traite des Noirs dans le trafic triangulaire.</li></ul>",1685
526,1687,<ul><li> Émigration protestante massive.</li></ul>,1687
527,1688,<ul><li> 15 novembre : Guillaume d’Orange débarque en Angleterre.</li><li> 23 décembre : Fuite de Jacques II d’Angleterre.</li></ul>,1688
528,1689,<ul><li> Mai : Formation de la Grande Alliance de Vienne contre la France.</li></ul>,1689
529,1690,<ul><li> 10 juillet : Défaite du catholique Jacques II Stuart soutenu par les Français face à Guillaume d’Orange lors de la bataille de la Boyne en Irlande.</li></ul>,1690
532,1693,<ul><li> Grande famine au cours de l’hiver 1693-94.</li></ul>,1693
533,1694,<ul><li> Juin : Exploits de Jean Bart qui est anobli par le roi.</li></ul>,1694
539,1700,<ul><li> 1er novembre : Mort de Charles II d’Espagne.</li><li> 16 novembre : le petit fils de Louis XIV devient roi d’Espagne sous le nom de Philippe V.</li></ul>,1700
540,1701,<ul><li> Février : Philippe V entre à Madrid.</li></ul>,1701
541,1702,<ul><li> Mai-juin : Déclenchement de la guerre de succession d’Espagne. </li></ul>,1702
543,1704,<ul><li> 9 octobre : L’archiduc Charles de Habsbourg s’empare de Barcelone et se fait proclamer roi d’Espagne.</li></ul>,1704
545,1706,<ul><li> 23 mai : Victoire de Marlborough sur Villeroi à Ramillies. Les français perdent les Pays-Bas.</li></ul>,1706
548,1709,<ul><li> Janvier-mars : Le grand hiver (-25 °C à Paris).</li></ul>,1709
549,1710,<ul><li> 10 décembre : Victoire décisive de Vendôme à Villaviciosa qui permet à Philippe V de reprendre son trône en Espagne.</li></ul>,1710
551,1712,<ul><li> 17 juillet : Armistice séparé entre la France et l’Angleterre.</li></ul>,1712
552,1713,<ul><li> 8 septembre : Bulle Unigenitus du pape Clément XI qui condamne le jansénisme.</li></ul>,1713
553,1714,"<ul><li> 6 mars : Signature des traités de Rastadt entre la France et l’Empire.</li><li> 2 août : Testament de Louis XIV instituant un conseil de régence présidé par le duc d’Orléans, neveu du roi.</li></ul>",1714
554,1715,<ul><li> 1er septembre : Mort de Louis XIV.</li></ul>,1715
555,1715,<ul><li> Philippe d’Orléans régent du royaume. </li></ul>,1715
556,1716,"<ul><<li> 2 mai : Le Régent autorise John Law, économiste écossais, a fonder la Banque générale.</li></ul>",1716
557,1717,<ul><li> Septembre : Fondation par Law de la Compagnie d’Occident et du Mississipi.</li></ul>,1717
559,1719,<ul><li> Mai : Law fonde la Compagnie des Indes orientales.</li></ul>,1719
560,1720,"<ul><li> 5 janvier : Law est nommé contrôleur général des Finances.</li><li> 22 mars : Après la ruée des porteurs d’actions, suite aux rumeurs d’inexistence d’or au Mississippi, la Bourse de la rue Quincampoix ferme .</li><li> Avril : Début de la peste à Marseille.</li><li> Juin-juillet : Panique boursière à Paris.</li>li> 12 décembre : Fuite de Law à l’étranger.</li></ul>",1720
561,1721,<ul><li> Parution des Lettres persanes de Montesquieu.</li></ul>,1721
563,1723,<ul><li> Accession au pouvoir de Louis XV (1723-1774)</li></ul>,1723
566,1726,<ul><li> 19 août : Rétablissement de la Ferme générale des impôts.</li></ul>,1726
568,1729,"<ul><li> 4 septembre : Naissance du dauphin Louis, ce qui met fin de la rivalité dynastique franco-espagnole.</li></ul>",1729
572,1734,<ul><li> Voltaire (1694-1778) publie les Lettres anglaises.</li></ul>,1734
574,1736,<ul><li> 13 avril : Convention franco-autrichienne.</li></ul>,1736
578,1740,<ul><li> 19 octobre : Mort de l’empereur Charles VI sans héritier mâle ce qui provoque une crise de succession en Autriche.</li></ul>,1740
582,1744,<ul><li> 15 mars : Louis XV déclare la guerre à l’Angleterre et à l’Autriche.</li><li> Juillet-août : Insurrection à Lyon des ouvriers de l’industrie textile.</li></ul>,1744
585,1747,<ul><li> Trudaine fonde l’école des ponts et chaussées</li><li> Avril : Début de la guerre franco-hollandaise.</li></ul>,1747
589,1751,<ul><li> 1er juillet : Parution du premier volume de l’Encyclopédie. </li></ul>,1751
590,1752,<ul><li> 7 février : Mgr de Beaumont fait interdire la vente et la détention de l’Encyclopédie.</li></ul>,1752
592,1754,<ul><li> 26 décembre : Traité de Godeheu qui interdit aux compagnies anglaise et française toute activité politique en Inde.</li></ul>,1754
595,1757,<ul><li> 2 janvier : Prise de Calcutta par les Anglais.</li></ul>,1757
599,1761,<ul><li> 16 janvier : Les Anglais s’empare de Pondichéry.</li></ul>,1761
600,1762,<ul><li> 6 août : Expulsion des jésuites.</li></ul>,1762
601,1763,"<ul><li> 10 février : Traité de Paris. La France cède à l’Angleterre le Canada, une partie de la Louisiane, la vallée de l’Ohio, la Dominique, Tobago, la Grenade, le Sénégal et son empire des Indes.</li></ul>",1763
605,1767,<ul><li> Mai : Bannissement des jésuites hors de France.</li></ul>,1767
611,1773,<ul><li> Fondation à Paris du Grand Orient de France.</li></ul>,1773
612,1774,<ul><li> Règne de Louis XVI (1774-1792) proclamé roi</li></ul>,1774
613,1775,<ul><li> 19 avril : Début de la révolte des colonies d’Amérique du Nord.</li></ul>,1775
614,1776,<ul><li> 4 juillet : Les Américains déclarent leur indépendance.</li><li> Décembre : L’américain Benjamin Franklin vient demander de l’aide à la France contre les Anglais.</li></ul>,1776
615,1777,<ul><li> Avril : La Fayette s’embarque pour l’Amérique.</li><li> 29 juin : Necker devient directeur général des Finances.</li></ul>,1777
616,1778,<ul><li> 6 février : Traité d’alliance avec les insurgents d’Amérique.</li></ul>,1778
617,1779,<ul><li> 12 avril : Traité franco-espagnol d’Aranjuez.</li><li> 13 mai : Convention franco-impériale de Teschen.</li><li> Août : Suppression du servage sur les domaines royaux.</li></ul>,1779
618,1780,<ul><li> 2 mai : Départ de Brest du corps expéditionnaire français pour l’Amérique.</li></ul>,1780
620,1787,<ul><li> l’Edit de Tolérance du culte des protestants</li></ul>,1787
621,1789,<ul><li> LA DÉCLARATION DES DROITS DE L’HOMME ET DU CITOYEN</li><li> liberté de conscience et de culte pour les protestants (entre autres)</li><li> La Révolution française </li></ul>,1789
622,1898,<ul><li> 21 juillet victoire des Pyramides </li><li> Défaite navale d’Aboukir les 1er et 2 aout </li></ul>,1898
623,1899,<ul><li> bataille terrestre d’Aboukir victoire de Bonaparte</li></ul>,1899
624,1800,<ul><li> Bataille de Marengo le 14 juin </li></ul>,1800
625,1803,<ul><li> 16 mai Rupture de la Paix d’Amiens.</li><li> octobre : Découverte de la conspiration Cadoudal-Pichegru.</li></ul>,1803
626,1804,<ul><li> ler-6 janvier Le Premier Consul est au camp de Boulogne.</li><li> 20-21 mars Exécution du duc d’Enghien.</li><li> 21 mars Promulgation du Code civil.</li><li> 18 mai Napoléon reçoit la dignité impériale.</li><li> 15 juillet Prestation de.serment des membres de la Légion d’hon­neur aux Invalides.</li><li> 2 décembre Sacre. de Napoléon</li></ul>,1804
627,1805,<ul><li> 17 mars Napoléon est proclamé roi d’Italie.</li><li> 9 août Formation de la Troisième Coalition.</li><li> 25 septembre Passage du Rhin par la Grande Armée.</li><li> 19 octobre Capitulation de Mack à Ulm.</li><li> 21 octobre Défaite navale de Trafalgar.</li><li> 13 novembre Entrée des Français à Vienne.</li><li> 2 décembre Victoire d’Austerlitz.</li><li> 26 décembre Paix de Presbourg. </li></ul>,1805
628,1806,<ul><li> 12 juillet Formation de la Confédération du Rhin.</li><li> 9 octobre Début de la Quatrième Coalition.</li><li> 14 octobre Victoires d’Iéna et d’Auerstaedt.</li><li> 27 octobre Entrée à Berlin de la Grande Armée.</li><li> 21 novembre Décret établissant le Blocus continental.</li></ul>,1806
629,1807,<ul><li> 14 juin Victoire de Friedland.</li><li> 7 juillet Traité de Tilsit.</li><li> 30 novembre Entrée de Junot à Lisbonne.</li><li> novembre Entrée des Français en Espagne.</li></ul>,1807
630,1808,<ul><li> 24 mars Entrée d’une armée française à Madrid.</li><li> 2 mai Insurrection de Madrid.</li><li> 5 mai Abdication de Ferdinand VII.</li><li> 10 mai Joseph est « nommé » roi d’Espagne.</li><li> 2 août Joseph fuit Madrid.</li><li> 13 août Reprise de Madrid par les Espagnols.</li></ul>,1808
632,1810,<ul><li> ler février Prise de Séville.</li></ul>,1810
633,1811,<ul><li> Février Tension entre Napoléon et le Tzar.</li></ul>,1811
634,1812,<ul><li> 22 juin Déclaration de guerre à la Russie.</li><li> 24 juin Passage du Niémen par la Grande Armée.</li><li> 11 août Entrée des Anglais à Madrid.</li><li> 14 septembre Entrée à Moscou.</li><li> 28 novembre Passage de la Bérézina. Retraite de Russie</li></ul>,1812
635,1813,"<ul><li> 28 février Alliance russo-prussienne.</li><li> 16 mars Déclaration de guerre de la Prusse.</li><li> 15 août Déclaration de guerre de l’Autriche.</li><li> 16-19 octobre Défaite de Leipzig.</li><li> 2-4 novembre Retraite des Français sur le Rhin.</li><li> 11 décembre Traité de Valençay, Napoléon abandonne l’Espagne à Ferdinand VII.</li></ul>",1813
636,1814,"<ul><li> Début de la campagne de France.</li><li> 30 mars Capitulation de Paris.</li><li> 3 avril Le Sénat décrète la déchéance de Napoléon.</li><li> 11 avril Première abdication de Napoléon.</li><li> 20 avril Les adieux de Fontainebleau.</li><li> 3 mai Entrée de Louis XVIII à Paris, arrivée de Napoléon à l’île d’Elbe.</li></ul>",1814
637,1815,<ul><li> 26 Février Napoléon s’évade de l’île d’Elbe.</li><li> 20 mars Arrivée de Napoléon à Paris.</li><li> 31 mars Formation de la Septième Coalition.</li><li> 18 juin Défaite de Waterloo.</li><li> 22 juin Seconde abdication de Napoléon.</li><li> 8 juillet Retour de Louis XVIII à Paris.</li><li> 15 octobre Arrivée de Napoléon à Sainte-Hélène.</li></ul>,1815
638,1821,<ul><li> 5 mai Napoléon meurt à Sainte-Hélène.</li></ul>,1821
639,1830,"<ul><li> Révolution de Juillet ; Louis-Philippe roi des Français</li><li> Révolution belge et indépendance de la Belgique</li><li> Indépendance de la Grèce</li><li> Prise d’Alger par les Français</li><li> Indépendance de la Colombie, de l’Equateur et du Venezuela</li></ul>",1830
641,1845,"<ul><li> Karl Marx (1818-1883) élabore la théorie du ""matérialisme historique""</li></ul>",1845
642,1852,<ul><li> 21 novembre Louis Napoléon Bonaparte est élu empereur des français il devient Napoléon III</li></ul>,1852
643,1853-1856,<ul><li> Guerre de Crimée</li></ul>,1853
645,1861-1865,<ul><li> Guerre de Sécession</li></ul>,1861
646,1861-1867,<ul><li> Expédition du Mexique Napoléon III prête ses troupes a Maximilien  </li></ul>,1861
647,1864,<ul><li> première internationale communiste : Marx fixe l’objectif : l’abolition du capitalisme.</li></ul>,1864
648,1865,<ul><li> Fondation de la Croix-Rouge</li><li> Assassinat du président Lincoln</li><li> L’esclavage aboli aux Etats-Unis.</li></ul>,1865
649,1869,<ul><li> Inauguration du canal de Suez</li></ul>,1869
650,1870-1871,<ul><li> Guerre franco-allemande</li><li> Chute du second Empire.</li><li> Commune de Paris</li></ul>,1870
651,1876,<ul><li> Bataille de Little Big Horn</li></ul>,1876
656,1894-1906,<ul><li> Affaire Dreyfus</li></ul>,1894
657,1898,<ul><li> Guerre hispano-américaine</li><li> mission Marchand crise deFashoda</li></ul>,1898
658,1899,<ul><li> Révolte des Boxers en Chine </li><li> debut de la seconde guerre des boers</li></ul>,1899
659,1903,<ul><li> La conquête du ciel : l’avion des frères wright effectue le premier vol soutenu sur  280 mètres</li></ul>,1903
660,1905,<ul><li> Première révolution russe </li><li> Indépendance du royaume de Suède</li><li> Guerre Russo-Japonaise</li></ul>,1905
661,1906,<ul><li> Emprunt Russe</li></ul>,1906
662,1911,"<ul><li> Fin de la dynastie des Qing, débuts de la République de Chine </li><li> Début de la révolution mexicaine.</li><li> premier porte avions : Le Pennsylvania</li></ul>",1911
663,1912-1913,"<ul><li> Guerres balkaniques ; Serbie, Bulgarie et Grèce alliées contre la Turquie puis se battent entre elles.</li></ul>",1912
664,1914,<ul><li> Ouverture du canal de Panama </li><li> Pancho Villa à Mexico</li><li> Protectorat britannique en Egypte</li><li> Assassinat de l’archiduc d’Autriche François-Ferdinand à Sarajevo ;</li><li> début de la Première Guerre mondiale </li></ul>,1914
665,1915,<ul><li> Théorie de la relativité d’Einstein</li><li> 18 mars debut de la campagne des Dardanelles</li></ul>,1915
666,1916,<ul><li> Février à décembre bataille de Verdun </li><li> 24 octobre prise du fort de Douaumont</li><li> Bataille du Jutland</li></ul>,1916
667,1917,<ul><li> Révolution russe d’octobre dirigée par Lénine (1870-1924) à laquelle Staline ( chef du parti Bolchevik Géorgien ) se rallie.</li><li> La Grèce et les Etats-Unis en guerre aux côtés des Alliés ; défaite italienne de Caporetto ; mutineries sur le front français ; Pétain remplace Nivelle ; armistice de Brest-Litovsk</li></ul>,1917
668,1918,"<ul><li> Foch généralissime ; contre-offensives alliées ; fin de la Première Guerre mondiale</li><li> Abdication de Guillaume II</li><li> Indépendance de la Tchécoslovaquie, de la Hongrie et du royaume des Serbes, Croates et Slovènes</li><li> Mustafa Kemal à la tête de la résistance turque aux Alliées.</li><li> Traité de Brest-Litovsk</li></ul>",1918
669,1919,<ul><li> La semaine de 48H et la journée de 8h de travail s’imposent en France</li><li> Debut de la prohibition aux Etats Unis</li></ul>,1919
670,1920,<ul><li> Conflit Russo-Polonais</li></ul>,1920
671,1921,<ul><li> Création du Parti communiste chinois</li><li> Hitler à la tête du Parti nazi.</li><li> Einstein obtient le prix nobel </li><li> Guerre du Rif</li></ul>,1921
672,1922,<ul><li> Création de l’URSS lenine se consacre à la construction du socialisme. Il est atteint d’hémiplégie cette année là.</li><li> Marche sur Rome des Chemise noire de Mussolini.</li></ul>,1922
673,1923,<ul><li> Mustafa Kemal président de la République de Turquie</li></ul>,1923
674,1924,<ul><li> Mort de Lénine. Staline évince ses rivaux à la succession</li></ul>,1924
675,1925,<ul><li> La conquête du ciel : Lindbergh traverse l’atlantique</li></ul>,1925
676,1926,<ul><li> première fusée (aux propergols liquides) débuts de la conquete de l’espace</li></ul>,1926
677,1929,<ul><li> Crack boursier à New York : Le jeudi noir</li></ul>,1929
678,1930,"<ul><li> Staline a le pouvoir et engage le processus de collectivisation des terres, développe l’industrie lourde</li><li> Théorie du Big Bang </li></ul>",1930
679,1931,<ul><li> Croisière jaune d’André Citroën </li><li> L’exposition coloniale de Paris</li></ul>,1931
680,1933,"<ul><li> Roosevelt, président des Etats-Unis.</li><li> Hitler, chancelier</li><li> La conquête du ciel premier avion de ligne (un Boeing 247) traverse l’atlantique avec 10 passagers</li></ul>",1933
681,1934,"<ul><li> Mao Zedong, conduit la Longue Marche.</li><li> Début des premières purges staliniennes massives en URSS (jusqu’en 1938)</li></ul>",1934
682,1936-1939,<ul><li> Front populaire en France</li><li> Formation de l’Axe Rome-Berlin</li><li> Guerre civile en Espagne ; Franco prend la tête des nationalistes.  </li></ul>,1936
683,1939,<ul><li> Hitler a annoncé publiquement que l’anéantissement de la race juive dans toute l’Europe (Vernichtung) était une éventualité très probable</li><li> Pacte germano-soviétique (Hitler et Staline) </li><li> début de la Seconde Guerre mondiale.  </li><li> Invasion de la Pologne par les Allemands en septembre</li><li> Découverte de la fission atomique.</li><li> Aout victoire soviétique de Joukov  sur les Japonais à Khalkhin-Gol</li></ul>,1939
684,1940,<ul><li> Einstein émmigre aux USA où il pourra collaborer au projet Manhattan ( bombe A qui sera utilisée à Hiroshima et Nagasaki)</li><li> Mai/juin : Bataille de France</li><li> 17 juin armistice capitulation de la France </li><li> Appel du 18 juin du général De Gaulle depuis Londres </li><li> 3 juillet la Royal Navy attaque la flotte Française à Mers EL-Kébir</li><li> Juillet-Septembre bataille d’Angleterre</li></ul>,1940
685,1941,"<ul><li> 22 juin ""Opération Barbarossa"" attaque allemande en URSS Staline parvient à résister. Fin du pacte germano soviétique et tournant militaire de la seconde guerre mondiale</li><li> La conquête du ciel premier chasseur à réaction ( heinkel en Allemagne et Whittle en Grande Bretagne)</li><li> Pearl Harbor 7 décembre</li></ul>",1941
686,1942,<ul><li> 26 mai 11 juin siège de Bir Hakeim</li><li> Mai -juillet siége de Sébastopol</li><li> 4 et 5 juin bataille de Midway</li><li> Octobre novembre Bataille d’ El Alamein</li><li> Débarquement allié en Afrique du nord</li></ul>,1942
687,1943,<ul><li> Février capitulation allemande à Stalingrad</li><li> mai fin de la campagne de Tunisie capitulation des dernières forces de l’axe en Afrique du nord </li><li> Juillet/aout campagne de Sicile </li><li> Septembre débarquement allié a Salerne début de la campagne d’italie</li></ul>,1943
688,1944,<ul><li> 6 Juin Débarquement allié en Normandie </li><li> 19 25 aout libération de paris</li><li> 15 aout débarquement Franco-alliés en Provence</li><li> 7 aout bataille d’Iwo Jima </li></ul>,1944
689,1945,<ul><li> Conférence de Yalta</li><li> exécution de Mussolini</li><li> suicide d’Hitler</li><li> bombardement atomique d’Hiroshima et de Nagasaki</li><li> capitulation du Japon ;</li><li> procès de Nurenberg</li><li> Mort de Roosevelt</li><li> Signature de la charte des Nations unies</li></ul>,1945
690,1946,<ul><li> début de la guerre d’Indochine</li><li> </li></ul>,1946
691,1947,<ul><li> La guerre froide commence en 1947 après la création du Kominform par Staline</li></ul>,1947
692,1948,<ul><li>Blocus de Berlin</li></ul>,1948
693,1950-1953,<ul><li> Guerre de Corée</li></ul>,1950
695,1952,<ul><li> Bombe H</li></ul>,1952
696,1953,<ul><li> deuxièmes purges staliniennes et décès de Staline en mars</li></ul>,1953
697,1954,<ul><li> conférence de Genève</li><li> fin de la guerre d’Indochine après la bataille de DienBien Phu le vietnam est séparé en 2 états</li><li> Début de la guerre d’Algérie.</li><li> Guerre du vietnam : oppose le vietnam nord et le vietnam Sud.</li></ul>,1954
698,1956,<ul><li> le XX° congrès du PCUS amorce la déstalinisation</li><li> Crise du canal de Suez</li></ul>,1956
699,1957,"<ul><li> Signature du traité de Rome</li><li> Indépendance de la Fédération malaise et du Ghana</li><li> Muhammad V, roi du Maroc</li><li> Bourguiba, président de la république tunisienne.</li><li> Spoutnik 1 Premier satellite artificiel mis en orbite</li></ul>",1957
700,1959,<ul><li> Triomphe de la révolution castrite à Cuba.</li></ul>,1959
701,1961,<ul><li> Le 12 avril Gagarine est le premier homme dans l’espace</li><li> 13 aout construction du mur de Berlin</li></ul>,1961
702,1962,"<ul><li> Indépendance de l’Algérie</li><li> Indépendance du Rwanda, du Burundi et de l’Ouganda</li><li> Crise des fusées à Cuba.</li><li> l’URSS et La Chine soutiennent le Vietnam Nord et les USA le Vietnam Sud</li></ul>",1962
703,1965,<ul><li> Léonov et White sortent dans le vide interstellaire</li><li> Intervention americaine au Vietnam</li></ul>,1965
704,1968,<ul><li> Mai : De violents affrontements entre CRS et étudiants.</li></ul>,1968
705,1969,"<ul><li> On a marché sur la Lune, le 20 juillet 1969</li><li> Le concorde relie Paris à New York en 3h30</li></ul>",1969
706,1972,<ul><li> 1972 - 1974 : Affaire du Watergate. </li><li> Premier micro ordinateur</li></ul>,1972
707,1975,<ul><li> Mort de Franco.</li><li> les troupes du vietnam nord entrent à Saigon Les Khmers rouges l’emportent au Cambodge</li></ul>,1975